report_type,company_id,sector,output_file,size_bytes,runtime_seconds,status,error
company_tearsheet,ABB,,C:\Users\ASUS\nifty100_project\src\reports\tearsheets\ABB_tearsheet.pdf,165486,1.252,PASS,
company_tearsheet,ADANIENSOL,,C:\Users\ASUS\nifty100_project\src\reports\tearsheets\ADANIENSOL_tearsheet.pdf,188622,1.159,PASS,
company_tearsheet,ADANIENT,,C:\Users\ASUS\nifty100_project\src\reports\tearsheets\ADANIENT_tearsheet.pdf,179695,1.218,PASS,
company_tearsheet,ADANIGREEN,,C:\Users\ASUS\nifty100_project\src\reports\tearsheets\ADANIGREEN_tearsheet.pdf,172871,1.104,PASS,
company_tearsheet,ADANIPORTS,,C:\Users\ASUS\nifty100_project\src\reports\tearsheets\ADANIPORTS_tearsheet.pdf,172173,1.148,PASS,
company_tearsheet,ADANIPOWER,,C:\Users\ASUS\nifty100_project\src\reports\tearsheets\ADANIPOWER_tearsheet.pdf,177808,1.21,PASS,
company_tearsheet,AMBUJACEM,,C:\Users\ASUS\nifty100_project\src\reports\tearsheets\AMBUJACEM_tearsheet.pdf,193363,1.248,PASS,
company_tearsheet,APOLLOHOSP,,C:\Users\ASUS\nifty100_project\src\reports\tearsheets\APOLLOHOSP_tearsheet.pdf,196354,1.195,PASS,
company_tearsheet,ASIANPAINT,,C:\Users\ASUS\nifty100_project\src\reports\tearsheets\ASIANPAINT_tearsheet.pdf,183035,1.202,PASS,
company_tearsheet,ATGL,,C:\Users\ASUS\nifty100_project\src\reports\tearsheets\ATGL_tearsheet.pdf,100603,0.598,PASS,
company_tearsheet,AXISBANK,,C:\Users\ASUS\nifty100_project\src\reports\tearsheets\AXISBANK_tearsheet.pdf,185311,1.153,PASS,
company_tearsheet,BAJAJ-AUTO,,C:\Users\ASUS\nifty100_project\src\reports\tearsheets\BAJAJ-AUTO_tearsheet.pdf,186755,1.155,PASS,
company_tearsheet,BAJAJFINSV,,C:\Users\ASUS\nifty100_project\src\reports\tearsheets\BAJAJFINSV_tearsheet.pdf,182718,1.241,PASS,
company_tearsheet,BAJAJHLDNG,,C:\Users\ASUS\nifty100_project\src\reports\tearsheets\BAJAJHLDNG_tearsheet.pdf,170204,1.18,PASS,
company_tearsheet,BAJFINANCE,,C:\Users\ASUS\nifty100_project\src\reports\tearsheets\BAJFINANCE_tearsheet.pdf,171140,1.164,PASS,
company_tearsheet,BANKBARODA,,C:\Users\ASUS\nifty100_project\src\reports\tearsheets\BANKBARODA_tearsheet.pdf,183697,1.134,PASS,
company_tearsheet,BEL,,C:\Users\ASUS\nifty100_project\src\reports\tearsheets\BEL_tearsheet.pdf,185416,1.253,PASS,
company_tearsheet,BHARTIARTL,,C:\Users\ASUS\nifty100_project\src\reports\tearsheets\BHARTIARTL_tearsheet.pdf,177239,1.172,PASS,
company_tearsheet,BHEL,,C:\Users\ASUS\nifty100_project\src\reports\tearsheets\BHEL_tearsheet.pdf,185575,1.172,PASS,
company_tearsheet,BOSCHLTD,,C:\Users\ASUS\nifty100_project\src\reports\tearsheets\BOSCHLTD_tearsheet.pdf,192420,1.217,PASS,
company_tearsheet,BPCL,,C:\Users\ASUS\nifty100_project\src\reports\tearsheets\BPCL_tearsheet.pdf,190845,1.168,PASS,
company_tearsheet,BRITANNIA,,C:\Users\ASUS\nifty100_project\src\reports\tearsheets\BRITANNIA_tearsheet.pdf,185236,1.135,PASS,
company_tearsheet,CANBK,,C:\Users\ASUS\nifty100_project\src\reports\tearsheets\CANBK_tearsheet.pdf,188631,1.166,PASS,
company_tearsheet,CHOLAFIN,,C:\Users\ASUS\nifty100_project\src\reports\tearsheets\CHOLAFIN_tearsheet.pdf,186138,1.208,PASS,
company_tearsheet,CIPLA,,C:\Users\ASUS\nifty100_project\src\reports\tearsheets\CIPLA_tearsheet.pdf,187478,1.249,PASS,
company_tearsheet,COALINDIA,,C:\Users\ASUS\nifty100_project\src\reports\tearsheets\COALINDIA_tearsheet.pdf,188729,1.246,PASS,
company_tearsheet,DABUR,,C:\Users\ASUS\nifty100_project\src\reports\tearsheets\DABUR_tearsheet.pdf,189663,1.236,PASS,
company_tearsheet,DIVISLAB,,C:\Users\ASUS\nifty100_project\src\reports\tearsheets\DIVISLAB_tearsheet.pdf,175428,1.109,PASS,
company_tearsheet,DLF,,C:\Users\ASUS\nifty100_project\src\reports\tearsheets\DLF_tearsheet.pdf,188149,1.151,PASS,
company_tearsheet,DMART,,C:\Users\ASUS\nifty100_project\src\reports\tearsheets\DMART_tearsheet.pdf,182852,1.219,PASS,
company_tearsheet,DRREDDY,,C:\Users\ASUS\nifty100_project\src\reports\tearsheets\DRREDDY_tearsheet.pdf,178554,1.128,PASS,
company_tearsheet,EICHERMOT,,C:\Users\ASUS\nifty100_project\src\reports\tearsheets\EICHERMOT_tearsheet.pdf,186948,1.167,PASS,
company_tearsheet,GAIL,,C:\Users\ASUS\nifty100_project\src\reports\tearsheets\GAIL_tearsheet.pdf,187409,1.163,PASS,
company_tearsheet,GODREJCP,,C:\Users\ASUS\nifty100_project\src\reports\tearsheets\GODREJCP_tearsheet.pdf,184716,1.196,PASS,
company_tearsheet,GRASIM,,C:\Users\ASUS\nifty100_project\src\reports\tearsheets\GRASIM_tearsheet.pdf,179825,1.144,PASS,
company_tearsheet,HAL,,C:\Users\ASUS\nifty100_project\src\reports\tearsheets\HAL_tearsheet.pdf,187114,1.151,PASS,
company_tearsheet,HAVELLS,,C:\Users\ASUS\nifty100_project\src\reports\tearsheets\HAVELLS_tearsheet.pdf,190680,1.27,PASS,
company_tearsheet,HCLTECH,,C:\Users\ASUS\nifty100_project\src\reports\tearsheets\HCLTECH_tearsheet.pdf,186139,1.202,PASS,
company_tearsheet,HDFCBANK,,C:\Users\ASUS\nifty100_project\src\reports\tearsheets\HDFCBANK_tearsheet.pdf,185161,1.216,PASS,
company_tearsheet,HDFCLIFE,,C:\Users\ASUS\nifty100_project\src\reports\tearsheets\HDFCLIFE_tearsheet.pdf,175437,1.214,PASS,
company_tearsheet,HEROMOTOCO,,C:\Users\ASUS\nifty100_project\src\reports\tearsheets\HEROMOTOCO_tearsheet.pdf,192120,1.167,PASS,
company_tearsheet,HINDALCO,,C:\Users\ASUS\nifty100_project\src\reports\tearsheets\HINDALCO_tearsheet.pdf,185480,1.195,PASS,
company_tearsheet,HINDUNILVR,,C:\Users\ASUS\nifty100_project\src\reports\tearsheets\HINDUNILVR_tearsheet.pdf,168203,1.164,PASS,
company_tearsheet,ICICIBANK,,C:\Users\ASUS\nifty100_project\src\reports\tearsheets\ICICIBANK_tearsheet.pdf,179112,1.25,PASS,
company_tearsheet,ICICIGI,,C:\Users\ASUS\nifty100_project\src\reports\tearsheets\ICICIGI_tearsheet.pdf,188935,1.184,PASS,
company_tearsheet,ICICIPRULI,,C:\Users\ASUS\nifty100_project\src\reports\tearsheets\ICICIPRULI_tearsheet.pdf,181232,1.145,PASS,
company_tearsheet,INDIGO,,C:\Users\ASUS\nifty100_project\src\reports\tearsheets\INDIGO_tearsheet.pdf,175621,1.208,PASS,
company_tearsheet,INDUSINDBK,,C:\Users\ASUS\nifty100_project\src\reports\tearsheets\INDUSINDBK_tearsheet.pdf,184562,1.178,PASS,
company_tearsheet,INFY,,C:\Users\ASUS\nifty100_project\src\reports\tearsheets\INFY_tearsheet.pdf,186247,1.222,PASS,
company_tearsheet,IOC,,C:\Users\ASUS\nifty100_project\src\reports\tearsheets\IOC_tearsheet.pdf,182953,1.219,PASS,
company_tearsheet,IRCTC,,C:\Users\ASUS\nifty100_project\src\reports\tearsheets\IRCTC_tearsheet.pdf,175346,1.25,PASS,
company_tearsheet,IRFC,,C:\Users\ASUS\nifty100_project\src\reports\tearsheets\IRFC_tearsheet.pdf,189820,1.154,PASS,
company_tearsheet,ITC,,C:\Users\ASUS\nifty100_project\src\reports\tearsheets\ITC_tearsheet.pdf,177111,1.232,PASS,
company_tearsheet,JINDALSTEL,,C:\Users\ASUS\nifty100_project\src\reports\tearsheets\JINDALSTEL_tearsheet.pdf,181904,1.244,PASS,
company_tearsheet,JIOFIN,,C:\Users\ASUS\nifty100_project\src\reports\tearsheets\JIOFIN_tearsheet.pdf,153620,1.118,PASS,
company_tearsheet,JSWENERGY,,C:\Users\ASUS\nifty100_project\src\reports\tearsheets\JSWENERGY_tearsheet.pdf,189356,1.223,PASS,
company_tearsheet,JSWSTEEL,,C:\Users\ASUS\nifty100_project\src\reports\tearsheets\JSWSTEEL_tearsheet.pdf,182334,1.155,PASS,
company_tearsheet,KOTAKBANK,,C:\Users\ASUS\nifty100_project\src\reports\tearsheets\KOTAKBANK_tearsheet.pdf,179994,1.237,PASS,
company_tearsheet,LICI,,C:\Users\ASUS\nifty100_project\src\reports\tearsheets\LICI_tearsheet.pdf,171395,1.149,PASS,
company_tearsheet,LODHA,,C:\Users\ASUS\nifty100_project\src\reports\tearsheets\LODHA_tearsheet.pdf,195520,1.247,PASS,
company_tearsheet,LT,,C:\Users\ASUS\nifty100_project\src\reports\tearsheets\LT_tearsheet.pdf,182096,1.272,PASS,
company_tearsheet,LTIM,,C:\Users\ASUS\nifty100_project\src\reports\tearsheets\LTIM_tearsheet.pdf,181530,1.203,PASS,
company_tearsheet,M&M,,C:\Users\ASUS\nifty100_project\src\reports\tearsheets\M&M_tearsheet.pdf,186635,1.205,PASS,
company_tearsheet,MARUTI,,C:\Users\ASUS\nifty100_project\src\reports\tearsheets\MARUTI_tearsheet.pdf,183879,1.237,PASS,
company_tearsheet,MOTHERSON,,C:\Users\ASUS\nifty100_project\src\reports\tearsheets\MOTHERSON_tearsheet.pdf,177192,1.177,PASS,
company_tearsheet,NAUKRI,,C:\Users\ASUS\nifty100_project\src\reports\tearsheets\NAUKRI_tearsheet.pdf,182031,1.171,PASS,
company_tearsheet,NESTLEIND,,C:\Users\ASUS\nifty100_project\src\reports\tearsheets\NESTLEIND_tearsheet.pdf,186778,1.286,PASS,
company_tearsheet,NHPC,,C:\Users\ASUS\nifty100_project\src\reports\tearsheets\NHPC_tearsheet.pdf,187743,1.347,PASS,
company_tearsheet,NTPC,,C:\Users\ASUS\nifty100_project\src\reports\tearsheets\NTPC_tearsheet.pdf,193242,1.224,PASS,
company_tearsheet,ONGC,,C:\Users\ASUS\nifty100_project\src\reports\tearsheets\ONGC_tearsheet.pdf,196057,1.232,PASS,
company_tearsheet,PFC,,C:\Users\ASUS\nifty100_project\src\reports\tearsheets\PFC_tearsheet.pdf,169670,1.275,PASS,
company_tearsheet,PIDILITIND,,C:\Users\ASUS\nifty100_project\src\reports\tearsheets\PIDILITIND_tearsheet.pdf,188516,1.262,PASS,
company_tearsheet,PNB,,C:\Users\ASUS\nifty100_project\src\reports\tearsheets\PNB_tearsheet.pdf,172829,1.24,PASS,
company_tearsheet,POWERGRID,,C:\Users\ASUS\nifty100_project\src\reports\tearsheets\POWERGRID_tearsheet.pdf,166304,1.15,PASS,
company_tearsheet,RECLTD,,C:\Users\ASUS\nifty100_project\src\reports\tearsheets\RECLTD_tearsheet.pdf,168669,1.276,PASS,
company_tearsheet,RELIANCE,,C:\Users\ASUS\nifty100_project\src\reports\tearsheets\RELIANCE_tearsheet.pdf,182386,1.204,PASS,
company_tearsheet,SBILIFE,,C:\Users\ASUS\nifty100_project\src\reports\tearsheets\SBILIFE_tearsheet.pdf,173539,1.198,PASS,
company_tearsheet,SBIN,,C:\Users\ASUS\nifty100_project\src\reports\tearsheets\SBIN_tearsheet.pdf,86161,0.644,PASS,
company_tearsheet,SHREECEM,,C:\Users\ASUS\nifty100_project\src\reports\tearsheets\SHREECEM_tearsheet.pdf,197149,1.286,PASS,
company_tearsheet,SHRIRAMFIN,,C:\Users\ASUS\nifty100_project\src\reports\tearsheets\SHRIRAMFIN_tearsheet.pdf,178597,1.183,PASS,
company_tearsheet,SIEMENS,,C:\Users\ASUS\nifty100_project\src\reports\tearsheets\SIEMENS_tearsheet.pdf,185685,1.126,PASS,
company_tearsheet,SUNPHARMA,,C:\Users\ASUS\nifty100_project\src\reports\tearsheets\SUNPHARMA_tearsheet.pdf,178265,1.218,PASS,
company_tearsheet,TATACONSUM,,C:\Users\ASUS\nifty100_project\src\reports\tearsheets\TATACONSUM_tearsheet.pdf,186780,1.176,PASS,
company_tearsheet,TATAMOTORS,,C:\Users\ASUS\nifty100_project\src\reports\tearsheets\TATAMOTORS_tearsheet.pdf,182838,1.242,PASS,
company_tearsheet,TATAPOWER,,C:\Users\ASUS\nifty100_project\src\reports\tearsheets\TATAPOWER_tearsheet.pdf,181103,1.302,PASS,
company_tearsheet,TATASTEEL,,C:\Users\ASUS\nifty100_project\src\reports\tearsheets\TATASTEEL_tearsheet.pdf,187313,1.273,PASS,
company_tearsheet,TCS,,C:\Users\ASUS\nifty100_project\src\reports\tearsheets\TCS_tearsheet.pdf,180201,1.17,PASS,
company_tearsheet,TECHM,,C:\Users\ASUS\nifty100_project\src\reports\tearsheets\TECHM_tearsheet.pdf,178048,1.132,PASS,
company_tearsheet,TITAN,,C:\Users\ASUS\nifty100_project\src\reports\tearsheets\TITAN_tearsheet.pdf,181587,1.267,PASS,
company_tearsheet,TORNTPHARM,,C:\Users\ASUS\nifty100_project\src\reports\tearsheets\TORNTPHARM_tearsheet.pdf,192823,1.266,PASS,
company_tearsheet,TRENT,,C:\Users\ASUS\nifty100_project\src\reports\tearsheets\TRENT_tearsheet.pdf,179430,1.262,PASS,
company_tearsheet,TVSMOTOR,,C:\Users\ASUS\nifty100_project\src\reports\tearsheets\TVSMOTOR_tearsheet.pdf,175603,1.093,PASS,
sector_report,,Communication Services,C:\Users\ASUS\nifty100_project\src\reports\sector\Communication_Services_report.pdf,3218,0.013,PASS,
sector_report,,Consumer Discretionary,C:\Users\ASUS\nifty100_project\src\reports\sector\Consumer_Discretionary_report.pdf,5215,0.033,PASS,
sector_report,,Consumer Staples,C:\Users\ASUS\nifty100_project\src\reports\sector\Consumer_Staples_report.pdf,4078,0.02,PASS,
sector_report,,Energy,C:\Users\ASUS\nifty100_project\src\reports\sector\Energy_report.pdf,5090,0.029,PASS,
sector_report,,Financials,C:\Users\ASUS\nifty100_project\src\reports\sector\Financials_report.pdf,6668,0.044,PASS,
sector_report,,Healthcare,C:\Users\ASUS\nifty100_project\src\reports\sector\Healthcare_report.pdf,3894,0.018,PASS,
sector_report,,Industrials,C:\Users\ASUS\nifty100_project\src\reports\sector\Industrials_report.pdf,4528,0.023,PASS,
sector_report,,Information Technology,C:\Users\ASUS\nifty100_project\src\reports\sector\Information_Technology_report.pdf,3638,0.016,PASS,
sector_report,,Materials,C:\Users\ASUS\nifty100_project\src\reports\sector\Materials_report.pdf,4383,0.024,PASS,
sector_report,,Real Estate,C:\Users\ASUS\nifty100_project\src\reports\sector\Real_Estate_report.pdf,3169,0.011,PASS,
